stage	scope	N	total_s	mean_s	median_s	p95_s	max_s	max_rss_mib
structural_adapter	per_instance	500	37685.35516100004	75.370710322	66.9057985	167.39830899999998	248.492437	NA
bm25_entity_projection	batch	500	920.45	1.8409	NA	NA	NA	203.33203125
dense_entity_projection	batch	500	59.87	0.11974	NA	NA	NA	185.13671875
three_source_equal_weight_rrf	batch	500	4.55	0.0091	NA	NA	NA	26.9921875
