baseline	treatment	top_k	metric	N	baseline_value	treatment_value	delta	ci95_low	ci95_high	wins	losses	ties	exact_mcnemar_p
BM25	BM25_filelocal	20	edit_recall	500	0.3920462481962482	0.5007613275613275	0.10871507936507929	0.06588549783549781	0.15102835497835493	121	54	325	NA
BM25	BM25_filelocal	20	complete_edit	500	0.35	0.446	0.09600000000000003	0.054	0.14	88	40	372	2.6629957497431587e-05
KG_grounded	KG_filelocal	20	edit_recall	500	0.3377373737373737	0.4542596681096681	0.11652229437229439	0.08792236652236655	0.14596269841269843	79	10	411	NA
KG_grounded	KG_filelocal	20	complete_edit	500	0.308	0.414	0.10599999999999998	0.076	0.138	60	7	433	1.3280368233066497e-11
BM25_filelocal	MURAL	20	edit_recall	500	0.5007613275613275	0.5528888888888888	0.052127561327561245	0.025835642135642132	0.07910454545454547	49	21	430	NA
BM25_filelocal	MURAL	20	complete_edit	500	0.446	0.49	0.043999999999999984	0.018	0.072	35	13	452	0.0020881073339964473
GLM5_BM25_filelocal	GLM5_MURAL	20	edit_recall	500	0.6922465312465312	0.7086232267732268	0.016376695526695517	-0.002263780663780661	0.03586904761904761	27	17	456	NA
GLM5_BM25_filelocal	GLM5_MURAL	20	complete_edit	500	0.622	0.642	0.020000000000000018	0.0	0.04	19	9	472	0.08715855330228806
