name	N	top_k	file_rate	method_or_entity_rate	mrr	hit_rate
Raw_BM25_entities	91	20	0.6153846153846154	0.19925834239021048	0.13498812895863213	0.34065934065934067
BM25_projection	91	20	0.6703296703296703	0.31934347703578475	0.24140522624685523	0.4725274725274725
Structural_projection	91	20	0.6373626373626373	0.34731854937898893	0.24350711685068507	0.5164835164835165
Lexical_structural_fusion	91	20	0.7032967032967034	0.34605215195874534	0.25934524022419103	0.5494505494505495
