name	N	top_k	file_rate	method_or_entity_rate	mrr	hit_rate
BM25	91	20	0.6153846153846154	0.1548865652291638	0.13498812895863213	0.34065934065934067
BM25_local	91	20	0.6703296703296703	0.24154508495167834	0.24155891870824	0.4725274725274725
KG_local	91	20	0.5274725274725275	0.1922903167313929	0.22301898232561998	0.3956043956043956
MURAL	91	20	0.6813186813186813	0.2258027812783402	0.2631162425522477	0.4835164835164835
