source	token_budget	N	selected_mean	selected_p50	selected_p95	context_tokens_mean	context_tokens_p50	context_tokens_p95	budget_fill_mean	entity_tokens_p50	entity_tokens_p95	truncated_entity_rate	changed_line_recall	complete_changed_line_rate
BM25	4000	500	18.484	18.0	30.0	3802.716	3902.5	3992.0	0.950679	114.0	1014.0	0.2725600519368102	0.2568409645082633	0.194
MURAL	4000	500	19.574	19.0	30.0	3834.142	3899.5	3990.0	0.9585355	96.0	890.0	0.23050986001839174	0.31373611487401787	0.232
