approach	budget	stratum	N	entity_target_coverage	entity_hit	complete_entity	file_hit	changed_line_recall	complete_changed_line
BM25	4000-token	entity-only	349	49.06399235912131	52.14899713467049	46.41833810888252	72.49283667621776	29.505400795906766	25.214899713467048
BM25	4000-token	mixed	121	35.4437426868257	50.413223140495866	24.793388429752067	70.24793388429752	22.690870261612385	4.132231404958677
BM25	4000-token	file-only	30				56.666666666666664	6.779661016949152	13.333333333333334
MURAL	4000-token	entity-only	349	57.1698048847046	61.31805157593123	54.154727793696274	81.37535816618912	37.066515065378056	30.37249283667622
MURAL	4000-token	mixed	121	42.919146071319986	57.85123966942149	31.40495867768595	86.77685950413223	26.801922050186867	4.958677685950414
MURAL	4000-token	file-only	30				66.66666666666667	6.779661016949152	13.333333333333334
