name	N	top_k	file_rate	method_or_entity_rate	mrr	hit_rate	dir
BM25_B5	500	5	0.884	0.5684414363414363	0.5328333333333334	0.664	temp_run/mural_experiment_additions/selector_compact_main_20260715/budget/bm25_b5_p3
MURAL_B5	500	5	0.892	0.5757111333111331	0.5357666666666667	0.668	temp_run/mural_experiment_additions/selector_compact_main_20260715/budget/mural2_b5_p3
BM25_B10	500	10	0.91	0.6345995393495394	0.5400920634920634	0.724	temp_run/mural_experiment_additions/selector_compact_main_20260715/budget/bm25_b10_p5
MURAL_B10	500	10	0.916	0.6430326562326562	0.5437309523809525	0.732	temp_run/mural_experiment_additions/selector_compact_main_20260715/budget/mural2_b10_p5
BM25_B20	500	20	0.942	0.691663197913198	0.544059565752445	0.78	temp_run/mural_experiment_additions/selector_compact_main_20260715/budget/bm25_b20_p10
MURAL_B20	500	20	0.946	0.7112065601065601	0.5476293905784618	0.792	temp_run/mural_experiment_additions/selector_compact_main_20260715/budget/mural2_b20_p10
BM25_B40	500	40	0.956	0.73386487956488	0.5452191556258528	0.814	temp_run/mural_experiment_additions/selector_compact_main_20260715/budget/bm25_b40_p20
MURAL_B40	500	40	0.958	0.7614611055611059	0.5492498671681612	0.84	temp_run/mural_experiment_additions/selector_compact_main_20260715/budget/mural2_b40_p20
