source	token_budget	N	selected_mean	selected_p50	selected_p95	context_tokens_mean	context_tokens_p50	context_tokens_p95	budget_fill_mean	entity_tokens_p50	entity_tokens_p95	truncated_entity_rate	changed_line_recall	complete_changed_line_rate
BM25	4000	500	18.484	18.0	30.0	3802.716	3902.5	3992.0	0.950679	114.0	1014.0	0.2725600519368102	0.2568409645082633	0.194
Structural	4000	500	19.27	20.0	35.0	3230.634	3893.0	3991.0	0.8076585000000001	74.0	727.0	0.1816294758692268	0.27336765104307775	0.202
Dense	4000	500	21.056	20.0	34.0	3836.476	3917.0	3994.0	0.959119	82.0	795.0	0.2024126139817629	0.3178000541858575	0.22
BM25_Structural	4000	500	18.914	19.0	29.0	3824.65	3900.5	3989.0	0.9561625	104.0	939.0	0.24394628317648304	0.2850176104036846	0.226
BM25_Dense	4000	500	19.082	19.0	29.0	3835.864	3905.5	3989.0	0.958966	102.0	931.0	0.24536212137092547	0.28799783256570033	0.208
Structural_Dense	4000	500	20.466	20.0	32.0	3847.5	3915.0	3993.0	0.961875	84.0	807.0	0.2037525652301378	0.3237604985098889	0.246
MURAL	4000	500	19.574	19.0	30.0	3834.142	3899.5	3990.0	0.9585355	96.0	890.0	0.23050986001839174	0.31373611487401787	0.232
